<xml xmlns:o="urn:schemas-microsoft-com:office:office">
 <o:MainFile HRef="../rjgz-jiegoutu.htm"/>
 <o:File HRef="preview.wmf"/>
 <o:File HRef="themedata.thmx"/>
 <o:File HRef="colorschememapping.xml"/>
 <o:File HRef="image001.png"/>
 <o:File HRef="image002.png"/>
 <o:File HRef="image003.emz"/>
 <o:File HRef="image004.png"/>
 <o:File HRef="oledata.mso"/>
 <o:File HRef="image005.emz"/>
 <o:File HRef="image006.png"/>
 <o:File HRef="image007.emz"/>
 <o:File HRef="image008.png"/>
 <o:File HRef="image009.emz"/>
 <o:File HRef="image010.png"/>
 <o:File HRef="image011.emz"/>
 <o:File HRef="image012.emz"/>
 <o:File HRef="image013.png"/>
 <o:File HRef="image014.emz"/>
 <o:File HRef="image015.png"/>
 <o:File HRef="image016.emz"/>
 <o:File HRef="image017.png"/>
 <o:File HRef="image018.emz"/>
 <o:File HRef="image019.png"/>
 <o:File HRef="image020.emz"/>
 <o:File HRef="image021.png"/>
 <o:File HRef="header.htm"/>
 <o:File HRef="filelist.xml"/>
</xml>