<xml xmlns:o="urn:schemas-microsoft-com:office:office">
 <o:MainFile HRef="../wangan-baomi.htm"/>
 <o:File HRef="preview.wmf"/>
 <o:File HRef="themedata.thmx"/>
 <o:File HRef="colorschememapping.xml"/>
 <o:File HRef="image001.png"/>
 <o:File HRef="image002.png"/>
 <o:File HRef="image003.png"/>
 <o:File HRef="image004.png"/>
 <o:File HRef="image005.png"/>
 <o:File HRef="image006.png"/>
 <o:File HRef="image007.jpg"/>
 <o:File HRef="image008.png"/>
 <o:File HRef="image009.jpg"/>
 <o:File HRef="header.htm"/>
 <o:File HRef="filelist.xml"/>
</xml>