<?xml version="1.0" encoding="UTF-8" standalone="yes"?><s:customData xmlns="http://www.wps.cn/officeDocument/2013/wpsCustomData" xmlns:s="http://www.wps.cn/officeDocument/2013/wpsCustomData"><customSectProps><customSectPr/></customSectProps><customShpExts><customShpInfo spid="_x0000_s2049"/><customShpInfo spid="_x0000_s1034"/><customShpInfo spid="_x0000_s1035"/><customShpInfo spid="_x0000_s1036"/><customShpInfo spid="_x0000_s1037"/><customShpInfo spid="_x0000_s1038"/><customShpInfo spid="_x0000_s1039"/><customShpInfo spid="_x0000_s1040"/><customShpInfo spid="_x0000_s1041"/></customShpExts></s:customData>